"ID","ACTION_TYPE","PARTY_ID","PARTY_NAME","DUE_DATE","CREATOR_ID","CREATOR_USERNAME","CREATED","STATUS","STARTED","ENDED","TRANSITION_NAME","LIMITED_VISIBILITY","NB_FAILED_UA","NB_SENT_DUAL_FAILED_UA","NB_PENDING_UA","NB_COMPLETED_UA","NB_TARGET_ACTIONS","OFFER_NAME","CUSTOMER_ACCOUNT_CODE","NEW_CUSTOMER_ACCOUNT_CODE","BYTEL_PREACTIVATION_CODE","CUSTOM_FIELD1","CUSTOM_FIELD2","CUSTOM_FIELD3","CUSTOM_FIELD4","CUSTOM_FIELD5","CUSTOM_FIELD6","PARTY_ID_SRC","PARTY_NAME_SRC","PARTY_ID_DEST","PARTY_NAME_DEST","ALARM_EXTRA_INFO","SMS_MSG","SMS_SHORT_CODE","SERVICES","APNS"
9357442110776902000,"DOWNLOAD_PROFIL",7552696198690683000,"Xn$5MOEOXIsh","Mon Jul 27 2020 21:23:48 GMT+0000 (UTC)",1693191677331924500,"X)I3J6ZT","Sun Nov 15 2020 16:34:13 GMT+0000 (UTC)","IN_PROGRESS","Fri Jul 17 2020 23:13:03 GMT+0000 (UTC)","Sun Aug 16 2020 08:48:59 GMT+0000 (UTC)","suspendreFacturé",1,7656737442,7533207635,9420534686,366022016,3787469009,"C)5i5m5SOTz]E","","","","","","","","","",16,"",16,"","","","","7kv3ebllF62hl&x(sPwPCjw%84$nE[eyzVPvbQNUyF$wn[i11JkTeP","fd)wDS63uHEa8)C3Y3kU$15Z(b5zVorIG1"
1113202245905995400,"POLICY_RULES_PURGE",1244524843059480000,"D5(BbJdr^9MK","Fri Oct 02 2020 04:39:28 GMT+0000 (UTC)",3640707293525338000,"chfAzZdT","Fri Aug 07 2020 01:24:11 GMT+0000 (UTC)","TERMINATED","Sat Mar 20 2021 02:08:07 GMT+0000 (UTC)","Sun Oct 18 2020 09:36:56 GMT+0000 (UTC)","Suspend with charged",0,9083373784,1543190928,8633985829,6483461207,5039259116,"1q#YgDsuDP[FG","","jjdzUUTc]]","","","^mBE2kl!knrtLJ","istBHYr","","","",16,"",18,"","","","","[1p3hRZfB#5R8ZMnK0z4RFkP3^srsz0mY9*4k@Pg*]rbJ1qH&mP&ji","[7FBaUcPcT00wM)2TN9h5r49DH@wf@$Ccd"
3285924764350056400,"SERVICE_CHANGE",2549402560107410000,"[tejM2pzw^J5","Mon Sep 28 2020 10:43:45 GMT+0000 (UTC)",9438159232959152000,"YFIG%2()","Thu Oct 08 2020 09:17:21 GMT+0000 (UTC)","IN_PROGRESS","Tue Mar 23 2021 13:50:30 GMT+0000 (UTC)","Mon Oct 05 2020 08:22:01 GMT+0000 (UTC)","suspension with charged",5,5955639788,5249575884,7547031184,8584008759,6839343411,"tx)f(^*b]S4m4","","","","","","","","","",3,"",2,"","","","","5GpmrdntQc5(NItrEnmhLuAVd[%j2fIghZDu1yx@H1M$hv2hL$enYD","ZuIoX4MHXocw!hfycnIcb(opB&S[s[FSXe"
2684815814718604300,"PREACTIVATION_ACTIVATION",2949928245507180500,"Oa*Jw5LB8cW$","Wed Aug 26 2020 10:31:55 GMT+0000 (UTC)",1850685596000403200,"J^jJUV0a","Thu Oct 15 2020 09:13:12 GMT+0000 (UTC)","CANCELLED","Mon Feb 08 2021 07:42:36 GMT+0000 (UTC)","Sun Aug 30 2020 17:41:39 GMT+0000 (UTC)","Reactivate",8,8057872804,8105829732,945409589,1088435431,7746601072,"o$HfxlpBgzrRs","","","","","","","","","",19,"A([KCVve8gPHpEGc",11,"","","","","T[wZ!!a8DM0zDM2#dlS77YPj@mnGSFogUuxt9dbyq]wwXH$ApNb%hz","4V^%z6uLMeuZ*a^^(*D2g^y]S6H7#vA7QB"
8397775210905820000,"SERVICE_REMOVING",930445464327931400,"B)fZE8w)0mCs","Wed Mar 03 2021 08:51:51 GMT+0000 (UTC)",6945928591303527000,"([Y3)o2A","Tue Oct 06 2020 02:36:43 GMT+0000 (UTC)","TERMINATED","Mon May 25 2020 18:42:27 GMT+0000 (UTC)","Wed Sep 16 2020 23:41:52 GMT+0000 (UTC)","suspendreFacturé",3,8852224501,7360514227,7494112746,8938847689,2076391105,"","","xVhtpp@15h","","","","","","","",13,"",4,"","","","","&lK0u^h]!OHOB)kIUk&)xzskKVcbyhdv4o9!Q4^Gt7f#i3sSSOsf7y","&W%zq7AP^udlKt3][XNEmL^ldNcYFrU8@5"
3752718626055866400,"ESIM_NOTIF",5369240387808531000,"PfxiWkPFwmdZ","Sun Nov 22 2020 17:24:55 GMT+0000 (UTC)",6620652487035840000,"C@MC8Dmu","Tue Jul 14 2020 14:27:14 GMT+0000 (UTC)","TERMINATED","Mon Jun 01 2020 11:23:26 GMT+0000 (UTC)","Fri Jun 12 2020 20:32:13 GMT+0000 (UTC)","dsfasdfdasf",6,108812227,3985039116,8573381071,687316621,5471661367,"V$L&7Dr6LyoWB","","nD(hc79*1K","","","","G5vKg85","","h&Z&c","yFQ7xR^",0,"",18,"","","","","w7*rwpKUCy%dfz67zR9YGmwHxV@iUKIX3aebV7jUX!fPyI]zatDf*z","@XJPO@0yXPQT8*j&!Z)0@YE*SC3F2xYx9G"
2093421965837478700,"STATUS_CHANGE",8739529536105692000,"]TBsNsG^zr9E","Mon Sep 14 2020 03:30:58 GMT+0000 (UTC)",9539246410131454000,"FE1e#5$P","Sat Apr 11 2020 00:58:31 GMT+0000 (UTC)","TERMINATED","Fri Nov 20 2020 08:25:44 GMT+0000 (UTC)","Tue Jun 09 2020 17:00:22 GMT+0000 (UTC)","activation",5,737490637,9789085532,4254313523,7013948922,7300790115,"","asv5qaka","ul]aGihNs1","","","#)1mKr3#w@xwa)","","gYer7sFipf","hEWhd","",12,"",4,"","","","","oUA@T4JanfMiUyIQ%R[&eC!K3SEAo]K2!avJTTbr&Lp9clCao[D$pu","NL4*!NeE!FHV%!hZ2FB%Z(9X2LPtM^VM94"
1554580859374254800,"POLICY_RULES_UPDATE",3276669341139495400,"NlJ$U4Vo)6k@","Tue Feb 23 2021 11:38:26 GMT+0000 (UTC)",6708148983307183000,"&4[!j0a[","Sat Jun 06 2020 21:51:05 GMT+0000 (UTC)","TERMINATED","Mon May 11 2020 21:44:34 GMT+0000 (UTC)","Thu Nov 19 2020 11:04:48 GMT+0000 (UTC)","suspendreFacturé",8,5235547199,3039315575,9301208071,5583775062,7130190203,"","","eeM3IvsF68","","","","","","","",14,"",18,"","xm0H&UC3Qk$WQGVeOe7jd8jH7nAoN3B4BG0OoUCFKBe3(sh@R(eFYtF&kqTVpbYndBe]t[Mn@W9raSaGAl^xg0jicgJ8gy&h7U$q","","","jM#@y!MGq5VD@a[efoR6NFT]RuPjZEpmXXYiQwdzV(#vxr*XOjUIK@","bObovo(JP1zeFRUJehcmDld)GIT^@!n3WO"
7900552616920322000,"ESIM_NOTIF",2201749486848712000,"L%y[aWWw%prY","Sun Jun 28 2020 04:53:04 GMT+0000 (UTC)",3144849555101245400,"Y3#GZj$e","Sat Jan 30 2021 00:13:36 GMT+0000 (UTC)","TERMINATED","Tue Feb 09 2021 01:10:41 GMT+0000 (UTC)","Thu May 07 2020 12:51:53 GMT+0000 (UTC)","supprimerRoaming",2,1951829581,1700701732,132366307,1669389756,6404916967,"wWXyjOs%pervm","C%sR5xfD","zu[L[MBIfE","","","","","","","",7,"",3,"","","","","cNUk#gO45BP6*Ouk8XhODIklX*$tvupO5fd$wRpJK[NBEhfimSJxU)","Vv5pE#&]xrwZX#3KOk39^#MHf!dGON5Gfc"
9214845120441169000,"PORT_IN",3587961639277637000,"laYnl3fPH*Dq","Thu Dec 31 2020 13:07:48 GMT+0000 (UTC)",1616235906258225400,"i3Bcqqim","Wed Aug 26 2020 18:52:03 GMT+0000 (UTC)","TERMINATED","Wed Dec 02 2020 04:09:42 GMT+0000 (UTC)","Fri Sep 18 2020 02:53:39 GMT+0000 (UTC)","resilie",7,9439106918,5580916600,8809752452,8389519664,1492820943,"S(z#&UyFHM40y","","rXOviu#uQk","","","","","","","oyJOk8S",1,"",10,"","","","","(2L$8XWlOf!jUV(*6GchXGgUdBH7qfO6M0bKy!$peTjYI8%j*x5Br&","dDZX1XC&qbx5Fej2QEbfGX!85ip)Hx$)Fp"
6513176073785871000,"POLICY_RULES_UPDATE",6311728071887046000,"Io0W)*v@1%[w","Sun May 24 2020 16:41:50 GMT+0000 (UTC)",1603395079728215800,"$KprVcSk","Mon Jun 29 2020 21:20:39 GMT+0000 (UTC)","IN_PROGRESS","Thu Aug 27 2020 20:49:39 GMT+0000 (UTC)","Thu Aug 27 2020 15:46:50 GMT+0000 (UTC)","GDMIN_resilier",4,3270426488,4664511044,3100125433,9283114718,8580752881,"!r6D##*L!9^Rj","a[tD[&8T","","","","mb@8p[$g(B)j9x","iJPJj)J","","","",18,"",17,"","","","","kHk9u4&wzSRuP6sYNU&6yS3aWAm4u[MiTKy(Z7nFXL*jY*Ly[PAq(w","S7)Wz)qrOxOZiQM@FsuroeEKBpm5KGNl&v"
3167707633692771300,"RESERVATION_PROFIL",6046494976617396000,"w#H9NgID%m8m","Mon May 25 2020 12:13:18 GMT+0000 (UTC)",9832298217806965000,"Ni9BRo!!","Tue Apr 14 2020 06:48:20 GMT+0000 (UTC)","TERMINATED","Thu Aug 20 2020 02:27:01 GMT+0000 (UTC)","Thu Aug 20 2020 22:50:45 GMT+0000 (UTC)","Reactivate",5,1185089789,6112577898,2886429668,1262649369,1807835339,"1%zZ9QvNRU6WV","","63B]llrZ4R","","","","4G8dy)W","4k^E!9KW0T","","",17,"",17,"","","","","V#WGj$g[]YaT*)Yi4xiC@4Z%GkNstW2&v[HBWfhNVexgW[jvcFQiYZ","MA3k8DZ518Y)m1XRI]PgP*Mfc0Kos(lCgl"
2746380700264126000,"LIBERATION_PROFIL",6844329533632845000,"QJWo8edMJo&$","Sun Feb 21 2021 19:50:52 GMT+0000 (UTC)",8887993306852877000,"TLKu(vPo","Wed Jul 29 2020 11:29:10 GMT+0000 (UTC)","IN_PROGRESS","Tue Aug 11 2020 10:21:53 GMT+0000 (UTC)","Mon May 11 2020 21:59:02 GMT+0000 (UTC)","transitionName",8,566096142,3520395532,4391536146,4767274786,6403161471,"","","","","","vNX]PR48xA4bF#","","(xgwOB^%Ty","","",0,"",0,"","LWAHCYkFatx&6R*rxm$VX4Clfd*5D0mKDB8lMc*[fQDbw3)yBt)sspn[Y1o9qf[h[ddsAsHKxVlV!s[LN*6A9mT#Lr@(L%lfseQo","","YMsx","NIWuScZOS&zPWYV%mY5RX%jXQH!PgfBs9UA[jTRGjJyX#ODz8DJ51u","IjfTUSReq5%^SYh8M@&cLa!%Xg]96(JTuU"
640242856461554800,"PREACTIVATION_ACTIVATION",4006511915940791300,"$Xhz0]6Wn(6Q","Fri Jun 26 2020 23:49:05 GMT+0000 (UTC)",4484193308744579600,"iQqtXZ7i","Sun May 17 2020 19:55:11 GMT+0000 (UTC)","IN_PROGRESS","Tue Dec 22 2020 02:32:47 GMT+0000 (UTC)","Fri Apr 10 2020 01:44:52 GMT+0000 (UTC)","Suspendre",6,9776904580,7625808655,8159186551,6594574383,5222779649,"","jKlhiVcl","","","","","","","","b2NAgC7",10,"",19,"","20r3&ThCKE1FXTe(i6vTvbEenH$O]R3dcMwyPIZW0jmbB(me0Q8tQv5jGqtCDMpQQ4$*M800hZXNZ$T)!k)(^o#!jtKCY0GBSpyI","","","5F2Y%bHj]L$xm^$POazhoRvFnc6jk]Ro3hYe8$vHX@z(421M6tIBY]","LV]cFop4f%$&eLt*OAQ9sMSEOmUiy1RD8U"
1635384357068687600,"TEMPORARY_UNBAR_ACTIVATION",5582445366308093000,"*5kSimpYin^V","Wed Dec 30 2020 00:19:37 GMT+0000 (UTC)",4047580736223608300,"&Zuq(^QS","Thu Aug 20 2020 20:08:15 GMT+0000 (UTC)","CANCELLED","Fri Jan 22 2021 19:47:28 GMT+0000 (UTC)","Sun Aug 16 2020 19:51:29 GMT+0000 (UTC)","FACTURATIONACTIVE",9,43749469,4871763729,1098917888,6431280535,3267066141,"","Q0AM$fXs","RnpEnOGwsE","","","","T)JTX]B","","","",3,"",18,"","","","","&UuIuy2vP[^xYwOI9WgDN#T1h8Tt(mD8kTzGiF6veM44HMvbS79pjg","g(j8rgx(KX!ly0[1vZVQs#c8qB]TUk0Cc)"
7698607719503344000,"ESIM_NOTIF",1806200107093900500,"S1QgGhODJU6)","Thu Mar 04 2021 08:32:42 GMT+0000 (UTC)",9672313479240985000,"2$]juEV0","Sat Dec 26 2020 06:32:21 GMT+0000 (UTC)","IN_PROGRESS","Wed Mar 10 2021 01:46:17 GMT+0000 (UTC)","Mon Apr 20 2020 04:34:07 GMT+0000 (UTC)","resilie",3,1641901428,1859354269,1257376500,4973035219,6066669283,"","","","","","","","","ieOY#","",18,"",6,"","","","","wT$3d2dv%3ap)E(cEQ5J&CQsPVQjD79zJQ4FBs6OsE^kG)y%o6EmWV","GQ)7AX)8(rAMhbZlPdz6p(4OEI#mfQV$(8"
5152586828917265000,"ALARM_SETTING",8221035739406943000,"o]rg5%D0y(!H","Wed Jul 01 2020 02:13:01 GMT+0000 (UTC)",1621480146422982100,"s48AMHgH","Mon Dec 14 2020 21:05:40 GMT+0000 (UTC)","CANCELLED","Sun Sep 06 2020 16:30:23 GMT+0000 (UTC)","Thu Aug 13 2020 23:36:12 GMT+0000 (UTC)","suspendreNonFacture",4,3951042518,4454094881,1980475632,2482733782,3710204053,"zUNsln*90GLJm","","$2(pOZVc9L","JMGlq","","","","","","",3,"",14,"","","","","nS$cz(cX7d(rw^!I%LVCj73$m@9t0wAwgXKJ(fh70AJ%N0pH@zq2&2","zTPLrZdYjoxx5Zxnt4#4fc24kToWe@]fAE"
3130289011169225000,"COACH_M2M",3767638173885643300,"KS[Y(MXN(ond","Thu Jul 23 2020 18:29:53 GMT+0000 (UTC)",7104395201895386000,"mMxP%jqu","Thu Oct 15 2020 00:37:12 GMT+0000 (UTC)","IN_PROGRESS","Sat Sep 12 2020 15:10:10 GMT+0000 (UTC)","Wed Nov 18 2020 20:22:50 GMT+0000 (UTC)","GDMIN_reactiver",3,8463038140,539300441,8476032181,107138520,53352571,"","cjsi#0z*","S0REY&vv!d","","6)Nn#o0]H","","d[KFF%G","#0$ltJRl]6","","",6,"",19,"","","","","[E0R9fDxQj&@NXNM#BaVYPuHpUy(BwWIJZp0td)RK!!VVU[U1UqALQ","N)T&4ey175itn82V57mB!K7!&9!D8Ne&Od"
7756315222941339000,"SIMCARD_SALE",3751830889377743000,"*34sR%z^80V6","Sun Nov 29 2020 09:58:31 GMT+0000 (UTC)",5379562827292830000,"xk%CgTNW","Tue Aug 18 2020 13:53:05 GMT+0000 (UTC)","TERMINATED","Sun Nov 22 2020 11:29:29 GMT+0000 (UTC)","Thu Oct 15 2020 14:39:21 GMT+0000 (UTC)","suspendreFacturé",7,7009845590,7276644092,1855968208,1669368196,4117183198,"#s#xC72EvqdC@","","","","","","","T^@s79HEYZ","","",3,"",9,"","","9s6C8]g12iYw","","tZVo5nOTg5sF$))o4yHTh%X*VmSmSpf03VpxHp#tf@mzn&9ORps7&h","zs]zeRbj[Vm6cI8@mmVxbqd*IkWq]Dy(U5"
5392280756495894000,"SERVICE_CHANGE",5922496386338025000,"I2[z0qqOh64J","Tue Feb 23 2021 04:02:45 GMT+0000 (UTC)",3805494806729257000,"[h]dn$HR","Sat May 16 2020 09:38:03 GMT+0000 (UTC)","CANCELLED","Sat Mar 20 2021 07:06:19 GMT+0000 (UTC)","Sat Mar 20 2021 22:28:25 GMT+0000 (UTC)","_activerFacturationBO",6,7414984884,8079230026,7505233751,29693916,9483666371,"","","aqcS[FKqwb","","","P3M0Sc3w6tzY5w","","","","",8,"",17,"","","","","frME31&1&cE#hYrmRs7w8P3p[c[kCwlDh&E^WmwD6^8xU)6F4XGbvp","OWd@)Hfu6#%XXAZmTXwL!wYs1)4lIpwb(P"
3045907604973763000,"SERVICE_CHANGE",798537298105657100,"ma12yxgQA^BF","Thu Jul 23 2020 00:11:40 GMT+0000 (UTC)",1423401031643152100,"G$(l&c28","Sun May 03 2020 23:27:40 GMT+0000 (UTC)","CANCELLED","Mon Oct 12 2020 20:12:14 GMT+0000 (UTC)","Thu Nov 26 2020 13:28:35 GMT+0000 (UTC)","_reactiver",8,5356982909,5813174552,1535106978,3520181977,2086858709,"*c0xlMgC#^3jT","kuR$K!)q","","aEBmS","YNZ35*bV&","","","((ryJ*uwRg","QO&(z","",15,"",9,"","","","","ywRmN6eX*(0b88[j96Zgar5PH&o)QVvNdxIY&dizhkei@WR[w(iRkF","nHN!&rp&*JNgehiLzp3SLL)dZWFyn5dSK#"
7171429847367108000,"PREACTIVATION",3649494354613125000,"^1k^X76C%rfr","Thu Oct 29 2020 04:01:04 GMT+0000 (UTC)",5774347544647754000,"gHVHC[1$","Tue Jun 23 2020 01:35:32 GMT+0000 (UTC)","CANCELLED","Sat Oct 31 2020 03:17:28 GMT+0000 (UTC)","Fri Aug 28 2020 12:22:07 GMT+0000 (UTC)","suspendre",0,5399740398,2688204890,9036347873,3039716666,3399919739,"","%yS5U1hm","himgNOHPfD","7jLF@","vCoPMGJ%c","","","","","",4,"",18,"","","","","5C&f5)rZQ%Za4[j0woR7xRgIMiS4i&1Z2V3tUrS8j@8zZ%0oEc@bVA","Nz!tiKUFAqZhPKsZ!LFainKWFJhUwyvPiY"
7928286080714315000,"ALARM_SETTING",8650062510278076000,"(s!sXMpO9xCA","Sat Nov 07 2020 02:54:00 GMT+0000 (UTC)",7570347120054066000,"82A%oTs[","Sat Nov 14 2020 09:43:34 GMT+0000 (UTC)","TERMINATED","Tue Mar 23 2021 14:55:38 GMT+0000 (UTC)","Tue Jan 19 2021 01:33:09 GMT+0000 (UTC)","suspension",0,106285701,2313406786,6539443701,9330223451,2953860920,"","E(&xc$2F","","25[sx","","FTX&D0wVpDtGT(","","","","",12,"",16,"","","","","F[a]y7bakCd11kcexnhGUl0i^m!eaB(sC&SU04MM3LwTq&nhy4($qA","oS6y@b0SmO[skp6t%[8MgMMSyifU@SgA!["
4177124125417322000,"LIBERATION_PROFIL",2338149794377386500,"$oji(r7Nm#23","Sat Feb 06 2021 20:27:52 GMT+0000 (UTC)",5095021002925933000,"9mD3qGaD","Wed Jul 22 2020 18:27:19 GMT+0000 (UTC)","IN_PROGRESS","Tue Mar 23 2021 19:42:36 GMT+0000 (UTC)","Sat Feb 06 2021 04:06:10 GMT+0000 (UTC)","GDMIN_reactiver",4,8140734704,496556917,7775925425,9188721459,2056567715,"","vaBntuI]","","r#hKu","","","","","","",19,"",19,"","","","","D9B89O1OOgAiq8bJ[@k^ef*a%VJ3JHezx7w(shn%HGJwQVuFG1B894","wadnk43dekZ(Zg^[DS%vK1itEYLt@xYJ4e"
7016956515144557000,"MSISDN_CHANGE",4640823099762202000,"c(aEm0wPORL9","Tue Feb 02 2021 09:20:51 GMT+0000 (UTC)",4211050323210657000,"fI(aGsWJ","Sat Apr 03 2021 02:10:41 GMT+0000 (UTC)","TERMINATED","Fri Nov 13 2020 11:33:44 GMT+0000 (UTC)","Wed Sep 16 2020 20:07:42 GMT+0000 (UTC)","resilier",1,2922687532,6603782526,842266397,877501168,3755987754,"F9txsU3QV6wxc","","","","zu3tc7o[Z","","","","X2%$r","",0,"",7,"","","","","]Fe1BbI77v$v#K1dTdN[(3RO*wd39jJ(32lMb2ALE&&G31C2v!dhv9","9^HzDRwDw%iMET#tgPml$sJyEwk*rB&LVI"
8106570949312299000,"SEND_SMS",4798763780854643000,"0@en#3EraGzU","Mon Jun 15 2020 03:37:19 GMT+0000 (UTC)",3291477013844996600,"92!^npeA","Thu Aug 27 2020 04:25:17 GMT+0000 (UTC)","CANCELLED","Tue Oct 13 2020 16:07:54 GMT+0000 (UTC)","Fri Mar 12 2021 05:00:09 GMT+0000 (UTC)","active",0,5264744015,4320529308,514486327,4592620069,7444143043,"bgupmzrh5i%3@","Oc$*CR]P","","XaQtD","","","","","","",10,"",6,"","","","","ExnYDBai#%w]AIspu58c)#Z7Bh8!XRkst]RJE3FF6E1va*M!pHMNzm","S*^OuEBrRBdOwjNE4ZAH**ire11covb3iX"
8283288266975433000,"SEND_SMS",9994313453789800000,"47CmuiNw7OT&","Sun Sep 20 2020 13:06:07 GMT+0000 (UTC)",2620679365936666600,"(%WsoLZG","Tue Apr 28 2020 22:02:59 GMT+0000 (UTC)","CANCELLED","Mon Apr 13 2020 09:08:52 GMT+0000 (UTC)","Fri May 15 2020 03:11:37 GMT+0000 (UTC)","suspendrefacture",6,3103201552,8583130857,5396153931,2820844221,7971338885,"","","PUzoDFYYo9","","","","e&l^k#&","","8Xfr9","",14,"",19,"","","","","2sgNODdnYqI7AuQMSuILYLOGtqqQR3KMx%lF6GgBbODHMRgchb^4UB","a&Qaq5ZBFwgRAw7T[eG)o%tWiJRQP#8i1*"
8804683436173946000,"CHANGE_CUSTOMER_ACCOUNT",5332834233995527000,"z*$%dDp$0#%U","Sat May 02 2020 04:00:02 GMT+0000 (UTC)",6052661614958197000,"D2e2vHcF","Sat May 30 2020 15:17:15 GMT+0000 (UTC)","CANCELLED","Tue May 26 2020 10:46:32 GMT+0000 (UTC)","Thu Feb 11 2021 22:22:26 GMT+0000 (UTC)","resilierBO",9,871266224,6128243785,4336948001,4597160480,2647015005,"","mCXnLvvH","","","","kOXWHbLxIOO*PN","","","","",14,"",9,"@1bUF[bGg3iyU","","","","G4DiAzKsTGWn8Ch^19FMQ7)lk6j85ng63By2Iva)lJ!ign(GqvEI1M","SgES0kZYfH9^5#0*]wSh^4Fv1$E]3wrWZx"
1721250312402844400,"CUSTOM_FIELDS_UPDATE",9720931001938880000,"ofc1)EmPg^$@","Mon Jan 11 2021 03:25:16 GMT+0000 (UTC)",6282383804209530000,"NojKlJ[z","Thu Jan 28 2021 23:38:50 GMT+0000 (UTC)","IN_PROGRESS","Wed Jun 03 2020 11:48:46 GMT+0000 (UTC)","Thu Sep 10 2020 16:35:39 GMT+0000 (UTC)","_suspendre",3,8211423153,9427312151,5034135435,1747605039,2554435264,"QHw2yuDalId!A","KAsNE@uJ","","Ddg2(","","","","","","E]qtoMM",7,"",15,"","","","","^I4hArpyg&DaLDz7CR9xR9eHBD0GRqVBSej9)Vso]LYPPIl294cudO","F)*BAC1Z)m0AdsONXnaSacZb4uCyE1yjO^"
1192724939901381600,"MSISDN_UPDATE",9103995042387397000,"a@E&T3GyaRfG","Tue Jun 16 2020 00:45:42 GMT+0000 (UTC)",8657438445370644000,"MjBwM7Nw","Sat May 30 2020 16:16:21 GMT+0000 (UTC)","CANCELLED","Sun Jun 28 2020 11:16:50 GMT+0000 (UTC)","Thu Dec 03 2020 17:11:58 GMT+0000 (UTC)","_refuser",7,7107763933,765626288,1248758516,4927670503,3594568287,"","","l*pXRY8$ME","","VwD&tepU#","","9W0qcFS","","","",6,"",16,"jWgsePgwJ$Fgu","","","","TVcAR9EPAS)nDmHy4Kan[F)k@67zyJSZZwk]def!Ek!si$eT@5[ug]","8SmVkW)Yc!4APGf8F47zDn[W2TdgS4^5po"
1915579424239695000,"SIMCARD_SALE_PREACTIVATION",377759838011115800,"TAT0&CdVA3*h","Tue Dec 15 2020 19:42:00 GMT+0000 (UTC)",8202100829221308000,"R6RIj((X","Thu May 07 2020 22:44:41 GMT+0000 (UTC)","CANCELLED","Tue May 19 2020 15:12:10 GMT+0000 (UTC)","Wed Jan 13 2021 04:35:26 GMT+0000 (UTC)","reactive",2,9372342384,7507030863,945810074,6624656857,1856973504,"htKd@h[ER^5B3","","ZEahddZF[D","KzHz8","","","","","","LDR$ov#",6,"",11,"","","","","f)L(QmgH@9zldk8w8#2gmyUiH*Kf&Ewgg(Jz)4icTo%&KiNZ0o6$n5","kUP&9g#ApjLwX!gLYa8KwFisPdN7dTvcAh"
9020948365796357000,"GEO_LOCATION",4382084035314619400,"BMRkqTdh[[ri","Tue Aug 04 2020 07:44:15 GMT+0000 (UTC)",6574407478328794000,"SR[&83m(","Mon Feb 01 2021 23:25:34 GMT+0000 (UTC)","IN_PROGRESS","Wed Dec 23 2020 09:16:48 GMT+0000 (UTC)","Tue Apr 28 2020 06:14:08 GMT+0000 (UTC)","Résiliation",3,1108173576,1920566230,1428186241,1804361580,8351711214,"","","VYsJ$*5LsQ","","W!YW2)7s7","","RTm$NFv","","","",19,"",11,"","","","","Loqj^OjJ8RVS1[lNRKw3irgYLeXC[h30bc0F8Ap]2[fn5tlB)FW8KG","78A4X&LIYCgpDQtAsEm1)*kWMSc5R5#ZGI"
7022987776435912000,"STATUS_CHANGE",5788008801173419000,"!&$A%fy48khl","Fri Feb 05 2021 14:43:28 GMT+0000 (UTC)",8567689077463001000,"(H7dhk0*","Tue May 19 2020 08:33:17 GMT+0000 (UTC)","CANCELLED","Thu Sep 03 2020 02:40:13 GMT+0000 (UTC)","Mon Sep 14 2020 20:34:39 GMT+0000 (UTC)","suspendrefacture",1,5449948064,2592448557,5902522178,8459016215,439163721,"","IUXrkq^p","dQAW6gHmve","s$OKO","","","","","","",19,"",4,"","","","","rA19uzKM2kaw]HkzOph)cs!bWHNk2RCXs0tbX]Qo$Rn*fLvQp&OSze","XOXXz)ceHkn@OXNb39(PDm(E$qe8YL[I3Z"
7883523660711944000,"SIMCARD_EXT_REF_UPDATE",8242961531504988000,"E@R[jKryLnyd","Sat Jul 25 2020 12:00:48 GMT+0000 (UTC)",890514773782342700,"Xc3f%iaL","Tue Jan 05 2021 18:50:30 GMT+0000 (UTC)","CANCELLED","Fri Jan 22 2021 05:35:48 GMT+0000 (UTC)","Tue Jan 12 2021 07:50:29 GMT+0000 (UTC)","SuspendreNonFacture",6,2640165125,7936598816,8848078963,1533849276,1548499369,"@DV35lB0d)FqE","#6F4zAte","","","bYNKaDxai","","","","","k#%Q3hw",16,"",3,"","","","","&UYGL9K^@5%#NQ!CYIjDC2DwuB&xIM!@Th%D!WnT$$fRS0tCpb#Wge","aP8&XyilMX*YHACTiVgUEmRL0GQL!yvlS]"
8307279639411718000,"SIMCARD_SALE",5894453853834420000,"63ny33cK9fe2","Sat Jan 23 2021 13:38:11 GMT+0000 (UTC)",1580904987640679000,"j^6NdKE^","Sat Jan 16 2021 20:51:47 GMT+0000 (UTC)","CANCELLED","Sat Jul 11 2020 19:04:09 GMT+0000 (UTC)","Sat Apr 03 2021 17:24:24 GMT+0000 (UTC)","stocker",0,3070854959,8244332277,9318366218,4457101011,90703216,"","","","$IhV&","!j^a2HB4b","","","","","",3,"",15,"","","","","kn5s1MJhM0rSDHPM$z9u[BUCD0pE&Uj82rJ3*rq2fax3P]zjtj(Fhn","X)COLP*Pjiw%mFKUn)XQFTfv[E24L2OM(e"
4084733219351619600,"SIMCARD_SALE",6255557644180953000,"6I@katKZIaFk","Tue May 05 2020 22:47:58 GMT+0000 (UTC)",7668086127378047000,"BlurqpcT","Wed Sep 16 2020 01:55:23 GMT+0000 (UTC)","CANCELLED","Thu Apr 30 2020 21:11:13 GMT+0000 (UTC)","Mon Aug 24 2020 13:10:14 GMT+0000 (UTC)","_reactiverBO",1,783266264,6784344452,6239835212,8450566171,2948722620,"","","MXX6JWJNDk","","","","","","","(v!KvD)",4,"",10,"","","","","HBU!er82ZtQ9qV^[*#!3aQdJrDLlS@B&6*P8D5*j&JQQZ&$R4(NQ5J","KVFJtjtGK@R9tfcgJKioS%j#j^RW[3hUJu"
6446309231687337000,"ACTIVATION",9801277436781674000,"TfHZ(J#Yt00q","Mon Nov 23 2020 05:33:27 GMT+0000 (UTC)",4409048862289637400,"S[*BwWaA","Sun Mar 14 2021 20:07:27 GMT+0000 (UTC)","TERMINATED","Sun May 03 2020 19:21:02 GMT+0000 (UTC)","Sat Nov 07 2020 04:50:23 GMT+0000 (UTC)","activation",0,219110848,4376206174,3482995841,4929517351,2153665921,"llIqaUL5HXw0k","","AXK]tb(ETT","","2v@BqL$h3","","","","","",13,"",11,"","","","","!qKOlbzPG@p[IR@MmMh#q2MbLCXXCj5*!3]wrXP9X0!st3c0Ce#Cd)","eP[fwkO#hi!Sgqo4of*vaZx!Rab^TBO]3q"
2411490110680461000,"MSISDN_UPDATE",6133498053532093000,"S**DvYqMR@Gm","Mon May 18 2020 12:24:12 GMT+0000 (UTC)",9886516653932630000,"80ZmrJ^d","Fri Jun 26 2020 22:54:27 GMT+0000 (UTC)","CANCELLED","Wed Oct 07 2020 04:38:41 GMT+0000 (UTC)","Fri May 29 2020 10:41:03 GMT+0000 (UTC)","AjouterRoaming",5,154871393,6829592934,6703815495,6530600150,5068174598,"$GXexvVLPCEi]","&[[G57dl","","","","","","","XqnO$","*q6&@)k",1,"",1,"","","lbqDC77OLaXX","","3h^!!$cth5*KP#mqbjNki9nKZ0fH8*p9SU^6DphXTIbJO22vZpbU*J","%o6ZpQC0ILQkURMSo6%Eb2eJaXWoMiC%w^"
826586529146879900,"SERVICE_CHANGE",1079974158201366700,"RCoiooVTsx[!","Mon Jul 27 2020 16:55:44 GMT+0000 (UTC)",2385399611666798600,"UqH^Gg*6","Sun Jul 19 2020 22:51:49 GMT+0000 (UTC)","IN_PROGRESS","Tue May 26 2020 09:31:30 GMT+0000 (UTC)","Sun Mar 28 2021 05:22:25 GMT+0000 (UTC)","AjouterRoaming",2,8809925362,951115165,2499424559,3394078409,7370940989,"b#sE3z%4FTDmS","","","","","wsnDVhxX)LAioX","OLi(mMC","","cftiG","H43[8@f",15,"",6,"","NmhA]6za5RBE*nS82Xn[Ok*G2Fd&ZtOYCXwkU^(#Bfs0ge8CaWn1y8&ODQA%7DgBiw3lgcO95L3l!6hHWBsTcin8PUe%j41hy!02","","","Yt@ebtV!$xtS#GKW5kQPF2LBUmi[2RpEjbZ*bMqT(hO4GbRhwn5F5l","VMu^8zhdLTYbVHA[d1(xI2hjl8qRAmr[C6"
2266648998484015400,"SERVICE_ADDING",3538737613707780600,"XGTh0IEw$St4","Tue Dec 01 2020 04:36:26 GMT+0000 (UTC)",4220006882678717400,"mg7vaZ$*","Wed Jul 29 2020 19:22:44 GMT+0000 (UTC)","IN_PROGRESS","Wed Feb 03 2021 20:52:50 GMT+0000 (UTC)","Sat Nov 21 2020 20:25:47 GMT+0000 (UTC)","_reactiverBO",3,8974504536,628286681,1626049131,5902057604,3426129645,"","vD92gnqo","","","","","","iB&1ZU12S9","","",11,"",0,"","","","","441Z^LtJx41]iE#M@v!tRWKsEjHQ@a@XOn%AT&wuHUQkQLb0Qd]HbU","Febn)@tMYp6REEGonN(qOKB@sT7wfp#!&9"
3172923906240612400,"SEND_SMS",5840098033659161000,"HQA0k^ldD7)t","Sat Nov 14 2020 21:33:15 GMT+0000 (UTC)",7463748813606798000,"(z^fH%Om","Thu Jan 28 2021 08:35:19 GMT+0000 (UTC)","TERMINATED","Tue Aug 11 2020 02:01:55 GMT+0000 (UTC)","Thu Aug 27 2020 01:55:57 GMT+0000 (UTC)","suspend",1,3678404348,9748711786,285343378,3016428793,5184292865,"","","W8ZwW4XQr*","","g98BSEqzz","","","WSL72tAt%R","","",18,"",16,"","","","","#(b&ja7[D#lDM3Zm!8pMVlXZW6ng8faJ2SSb#f1q6%bRha[0lVdxff","UIb(tVqB#[^BpTLLb(NkeXhj2sR]YyCLST"
3131838154513389000,"SERVICE_ADDING",6418785552959889000,"y%m#Vind!)Zy","Thu Nov 12 2020 07:55:04 GMT+0000 (UTC)",3554505545180291000,"8*tLPddB","Thu Mar 11 2021 09:01:37 GMT+0000 (UTC)","IN_PROGRESS","Thu Aug 13 2020 18:13:34 GMT+0000 (UTC)","Tue Aug 25 2020 19:38:14 GMT+0000 (UTC)","_suspendreNonFactureBO",7,9785157220,5081227957,3368446275,7627569867,3048472004,"d0IM*2SKr$kBV","","wmQ)#wxj@*","","","","","","","",0,"",13,"","","","","mz0mMMzWF!Pwr2Bm5B8IAavbC18ZSDNULypwP[]$]DlH^hVE1wW*GY","XFtVCRnpEXV0AsF$9$u6EIIrlkeSfipxg1"
6318562976084650000,"ICCID_CHANGE",3351720615755767000,"yt67YO3smQXf","Mon Oct 26 2020 04:44:32 GMT+0000 (UTC)",9267168804071844000,"$Q8akReU","Wed Mar 10 2021 05:51:44 GMT+0000 (UTC)","TERMINATED","Fri Sep 04 2020 17:01:51 GMT+0000 (UTC)","Mon Jun 29 2020 10:01:46 GMT+0000 (UTC)","GDMIN_reactiver",1,396810800,8295689043,4346201966,1656313629,8171326401,"","","","Eg86b","","","","","iavJ[","JTY(N8M",18,"",8,"","","","","YxvgTgLUkH483!XTADzuDxpgiUU@R#8KhvaiM(0KcFSt^V3sc0&vKT","iLrTVDuS%SJfPG&bxG9HEo3wBX%(A*aUkX"
3996018131729215500,"CUSTOM_FIELDS_UPDATE",842735089827328900,"vIuo*TK13tP#","Sat Jun 27 2020 01:09:31 GMT+0000 (UTC)",2374856453388929500,"%Sqa%0H*","Thu Aug 27 2020 14:04:31 GMT+0000 (UTC)","CANCELLED","Wed Jun 03 2020 12:57:10 GMT+0000 (UTC)","Thu Apr 30 2020 05:52:01 GMT+0000 (UTC)","activation",0,3538901431,9179803614,717648414,9622684298,9083626132,")5&#]hioY33b4","P!mRpF^N","","","WeZmQqD3[","P!!s48a3SVbMuB","","jAcjQA0cC@","","",1,"L&w4QnE]mYzF8lwI",10,"","","","","@Huao%]j1Q7lCa7*ov7CYLKiVn&y6c1j5E!Yn)jmr*ov)sz%0(AZ1a","iT7%92Qvv8$VL!4wH!nZwR^wIEKJiKjP!7"
9108328316360712000,"SERVICE_REMOVING",6530331715475768000,"HpQdyo!ba^0Q","Fri Oct 09 2020 12:00:40 GMT+0000 (UTC)",2675199280492961300,"[kAkeEHa","Fri May 15 2020 19:21:26 GMT+0000 (UTC)","CANCELLED","Fri Sep 18 2020 18:25:09 GMT+0000 (UTC)","Tue May 26 2020 05:17:29 GMT+0000 (UTC)","SuspendWithCharged",6,6040365721,5101414108,5042617542,2048117541,6414342899,"","nxE9b]s3","#KR5VRnxZG","","","","","","","",19,"",9,"","","","","YpM))]KOSrambe@k1n[t7F3*Cd0CqhiLgBEYHJ*0t0R2VE7!ZDRRRJ","7LNoVvIWRvC1#EKAX&TDInp5MaZ9M9iw9D"
5466988040134311000,"SIMCARD_SALE_PREACTIVATION",8285002845805138000,"$K*yH2!CAcyY","Fri May 08 2020 04:28:04 GMT+0000 (UTC)",8648284648079426000,"8V)WLS%K","Tue Sep 08 2020 17:36:50 GMT+0000 (UTC)","TERMINATED","Fri May 29 2020 11:21:51 GMT+0000 (UTC)","Mon Jan 11 2021 14:53:52 GMT+0000 (UTC)","resilierBO",1,1886158946,9140030033,6189437936,812736756,5692985476,"","aAPK$(&I","*zld8S$X#q","","","","","","","",18,"",10,"","","","","f1&p)hL@cpQYcvkjBUqgq^1Bg3b3Ur8VaXZaqS^&iA[%2U3EI1DigY","]VfdBEkRRHmUoH&PIgBXKf5Xa[yQmfP&AW"
798530832398682900,"SIMCARD_TRANSFER",1870800813194364400,"oeJdg(2iEa66","Tue Dec 08 2020 08:16:35 GMT+0000 (UTC)",3378310538828373000,"mXM29OA1","Wed Nov 18 2020 19:07:59 GMT+0000 (UTC)","CANCELLED","Tue Jul 28 2020 19:28:15 GMT+0000 (UTC)","Mon Jul 20 2020 18:28:36 GMT+0000 (UTC)","Resilier",3,2364462912,5160295618,8867998879,866923383,6374315517,"GLQxdbF*6!e6^","","!k*Vj@fL5e","","","","","","","",6,"",5,"","","","","hb$uQ4LRV%Vamb#bdq@c5Rm12hNN)nPBH!mv%Cwj@PkzQ$i4ZGdOk@","Y[6kwN)rvajKcR2Ev%0!ZL9wg]*fsu[$M8"
9510050045792014000,"PORT_OUT",5952983479946851000,"Jt7NCsFf2%4l","Sun Nov 15 2020 16:19:07 GMT+0000 (UTC)",8454297592397779000,"%IMSvnq1","Sun Feb 07 2021 06:43:34 GMT+0000 (UTC)","CANCELLED","Tue Dec 22 2020 08:00:47 GMT+0000 (UTC)","Tue May 05 2020 20:56:02 GMT+0000 (UTC)","_leverBarring",0,2970876349,4586687262,5378029346,4118276028,3687144594,"WO4@Q*Iqu[Fy%","r!Gk*iRJ","L%CCMlx4U^","zfBvP","","","","","","",3,"",4,"","","","","jRaRbF1Z@**HqPlc05]hp1dn*bHDVGz6Dq0rA8Qa*BH8iNYCSfx2ee","6muycOw&B0&$k2pM%0vQXCstY]ly]Z]CwR"
6901781100314111000,"ESIM_NOTIF",6728663772810250000,"QlGIoAoLOj]8","Tue Jul 28 2020 06:58:05 GMT+0000 (UTC)",1963807316496968200,"D%c1MYB&","Tue Jul 28 2020 13:55:50 GMT+0000 (UTC)","TERMINATED","Wed Apr 22 2020 00:29:10 GMT+0000 (UTC)","Sat Dec 12 2020 22:11:12 GMT+0000 (UTC)","ajouterRoaming",0,9499641172,8172407990,4273915451,2712323586,1918913323,"x4[qeL]BINX)5","5T8B**KW","","","","","","","4g]s5","",17,"",11,"","","","","25I9sYL1PT5Zd2n4DehJg#tLhxeVh@KWMYTEMWP^WjEwo$LeTRI8Sa","%XwLv0xKUIAvUTUoHM7KSeHI*WGAbh!jn@"
7173949065618217000,"DOWNLOAD_PROFIL",3743485077284276700,"lkdatWxkX#vr","Mon Jan 04 2021 19:22:05 GMT+0000 (UTC)",4751906641758978000,"shnhb8fj","Fri Feb 12 2021 11:57:09 GMT+0000 (UTC)","IN_PROGRESS","Fri Feb 12 2021 12:50:42 GMT+0000 (UTC)","Sun Jul 12 2020 18:02:26 GMT+0000 (UTC)","_valider",5,5073200732,6859350800,4701443905,4289515085,3479768589,"PQKlWz5qNCgrY","","[94L8g1iq0","","","","","","E2]33","zHq@so%",6,"",9,"","","","","aoVjZ9ZrwUBWRYd2DV(0J[8OUfb%UCMyr](8spP]NZMJp)Qxhtb5nx","N#zBFzly%%17]cml%dKlbLh^KO9yoH!ezB"
1690468604210764300,"SIMCARD_EXT_REF_UPDATE",4159082940313965000,"H89#rSnTBNRL","Sun May 17 2020 12:17:45 GMT+0000 (UTC)",4603797071613371400,"zThbMZu8","Fri Jan 15 2021 22:51:49 GMT+0000 (UTC)","TERMINATED","Thu May 28 2020 21:25:28 GMT+0000 (UTC)","Tue Mar 23 2021 15:59:25 GMT+0000 (UTC)","Suspension",3,7298930953,4048129164,4197380102,9092930916,25276362,"a#y*7$jM1ArMc","","0z]wJmSiB0","V%)vI","","4MIchIkRQE[3C[","Q]wjg^v","l^MIVkbFuq","","",14,"",19,"","","","","gvVhpg@kJ)Y$zeArLlm$w0clXHc#nYbas0!9hg$)LgunkxCz(5ARgg","VhYf7f3CpIivd^mM)[7j8gXPhuT[THByCT"
2286233946215361300,"POLICY_RULES_PURGE",322068585082888600,"M5j7XIbt4H!i","Tue Jun 30 2020 21:55:26 GMT+0000 (UTC)",2645039081107825000,"%JxFi9wr","Sun Aug 16 2020 10:28:58 GMT+0000 (UTC)","CANCELLED","Fri Jul 10 2020 04:22:40 GMT+0000 (UTC)","Wed Sep 09 2020 14:51:54 GMT+0000 (UTC)","activation",5,6395529885,546076104,2229985941,9362134628,8950923741,"nh!KWt]2Y[YQi","","Ks8y3@[!KV","","","]nSz1B47FdQUTQ","B)Xxf8s","","","Lbpv79V",18,"",9,"","","","","n1LCyk(Gi^u[P^a#mpl[v%XB&Q9pk0Lrjwlqh200Hayjb)Hb6dzoIn","#((UajtzW5mc!TxC487(9rWgxvwAocwEqG"
2953651510179043000,"PORT_OUT",3335503959096968000,"LOp&1A0MQUDd","Thu Apr 16 2020 23:40:18 GMT+0000 (UTC)",6225865136366338000,"O&@oq3F8","Sat Aug 22 2020 21:00:32 GMT+0000 (UTC)","IN_PROGRESS","Thu May 07 2020 00:39:41 GMT+0000 (UTC)","Wed Nov 11 2020 15:04:24 GMT+0000 (UTC)","dsfasdfdasf",9,3280647895,4584928713,9708422890,1486418624,5091011177,"4B9kBQ3WMPKPy","","4cacKaeBXj","","","!fJuXgZt^]1abY","","","","",16,"",3,"","","","","Oa1bTnCSQHAB7YEGXxM[eO(3!5AIrrm4gTWRc5PFf%5hEaU4S!S8pK","t3![(M*wzUS)DYmK3iUfN%Tz*gP8s0&i7@"
840429894160479400,"SIMCARD_SALE",7767691877670586000,"Ho&(a0vI$aKN","Tue Jan 26 2021 20:28:25 GMT+0000 (UTC)",6142592090182007000,"dGJX^Jcm","Wed Jun 24 2020 09:12:42 GMT+0000 (UTC)","IN_PROGRESS","Fri Nov 06 2020 07:17:12 GMT+0000 (UTC)","Tue Sep 01 2020 04:17:47 GMT+0000 (UTC)","SuspendreFacture",8,896223681,6400829667,8247648598,809401560,7349808448,"1xjSu7wSIQixF","sqCIk%f9","MT!E8QmpUD","","","","U[1*%gc","","","",8,"",9,"","","","","Fw9*UA18z5%cfe^6[^fCVr&gaRKMGezlvNrjSQKgWarj(^CsIciEjV","NWR)m8RSsx4M)KhpeqSAhjcVn@XSv]YxY5"
4221586228813976000,"SEND_SMS",8913168052677065000,"]r!NFd[Q6ebd","Sat Mar 13 2021 12:12:40 GMT+0000 (UTC)",2465860978700220400,"s5)(SxpK","Sun Dec 20 2020 22:04:42 GMT+0000 (UTC)","IN_PROGRESS","Wed Jan 13 2021 20:34:40 GMT+0000 (UTC)","Thu Jul 23 2020 19:48:38 GMT+0000 (UTC)","GDMIN_reactiver",0,4150761719,7718960675,5259455440,122811214,8705439034,"JsQeKRBR9uVv3","bei74MgC","","","","PBZ)ayfj(!9GRV","","r1yPxd]BM$","^!W@c","",13,"",15,"","","","","M#z3()BoZ4swQ*^V^](Re(w70(Kllmo#&(^1o8sB%M1Srymi1ZIvTJ","ETTTq9fz)r5[!q^zR)*m^QlelmZk(Bool0"
6733793315943331000,"PORT_IN",6728157633915544000,"baDfmEQ#FQ6o","Thu Feb 18 2021 06:13:46 GMT+0000 (UTC)",1380571806803345700,"th^8BlnV","Sun Jan 10 2021 14:00:23 GMT+0000 (UTC)","TERMINATED","Thu Oct 22 2020 12:02:13 GMT+0000 (UTC)","Fri Jun 12 2020 20:57:04 GMT+0000 (UTC)","suspend",4,1252711908,6924739368,4639256882,3287430843,2317665021,"wG4aQiEJ*Aerx","","","","","","","","","",14,"",1,"","","","","utV]cEc5#z[SHKhob%pQmpKDa*mpIt*YT(uRxstJJOZHAxvR1IGn5^","NtUfi1][vRnx3pgAyOEQ!WTMvqBfAmS)W)"
3329889092128724000,"ESIM_NOTIF",8251110641285777000,"UhHwDJ5&2hKK","Sun Aug 02 2020 01:36:46 GMT+0000 (UTC)",7883236685302108000,"*3loqvQw","Tue May 19 2020 01:27:48 GMT+0000 (UTC)","IN_PROGRESS","Sat Feb 13 2021 07:09:10 GMT+0000 (UTC)","Thu Jul 02 2020 01:54:52 GMT+0000 (UTC)","_leverBarring",5,9516975532,1194783444,8674151855,9935416451,1673374020,"9FeBpOxvGO37h","SS)gcaXM","Z2#q*4s^JA","","","","","","","",14,"",16,"","","","","cb*Z%30Rp0C9rIZNWWLI9C#&g]JojlE6!aM&MJH*zdVpBWB)9T[G9$","x#jkgm[8!jW2)[eYIO^bX7pA*0cEtrihuc"
8097945430781692000,"ALARM_UNSETTING",8810049542225897000,"BCVHLoR6lPX8","Thu Dec 24 2020 00:07:04 GMT+0000 (UTC)",2415033124852925400,"#p2l60e6","Wed Dec 02 2020 18:52:06 GMT+0000 (UTC)","IN_PROGRESS","Sat Dec 12 2020 17:47:05 GMT+0000 (UTC)","Thu Mar 18 2021 05:33:20 GMT+0000 (UTC)","_leverBarring",1,7313931712,8104251904,3851769519,8923748657,1466412446,"hn6T$&*scPY2k","","","","","","","","","",4,"",14,"","","","","GZS^xe0YxyM9T&tfBVzdNo7o1NS4X]8mvj6xNVExOs]Chk^2aW7jlY","lZ$0XFJE79yd&iMWa@zK!4lBSuLAG$10QA"
7309038157109171000,"LIBERATION_PROFIL",8362150874454528000,"jNGKGofC^mZm","Sun Nov 15 2020 08:21:52 GMT+0000 (UTC)",79320066142827280,"QTZvOSlu","Sat Jun 13 2020 20:13:00 GMT+0000 (UTC)","TERMINATED","Mon Sep 28 2020 18:42:52 GMT+0000 (UTC)","Sun Aug 09 2020 03:49:35 GMT+0000 (UTC)","_reactiver",0,7038594784,9988005037,5486940722,3578893369,7940373169,"&%S$qvMJL*@vy","",")pduJ[5E&#","","","","","","","",7,"",8,"","","","","vk@8AX*FFc6[*xzYiYo6m0@9(x6bmf9O9*Lw2Z20J!FnA74J)d2@g8","(WEo*]HMF5vhCuJvjqNOCv9[WuTBKIMD*7"
1277316899504512500,"ALARM_SETTING",252453701104968800,"2$5]hjvp3xk]","Mon Apr 20 2020 06:52:40 GMT+0000 (UTC)",2559635385405272000,"Xx2ie[C6","Sat Jul 25 2020 12:43:05 GMT+0000 (UTC)","TERMINATED","Tue Dec 15 2020 14:30:35 GMT+0000 (UTC)","Sun Aug 30 2020 10:24:17 GMT+0000 (UTC)","_activerFacturationBO",8,4909966269,3480409448,1170182067,1209706782,2679918969,"c%TGain$1^x3g","","uF3uBMKkEw","O63@I","","","","","","",3,"",4,"","","","","DgDYoAXqHJPBzX*BZ70L^uxzr(OYx)#JShRdgsl7J5izva[OL8*38)","NOd)t7NRbTE]45TPWLHSCQOitDIJSEikf2"
3936098753474652700,"COACH_M2M",3433263178449124400,"be)V%feBpS4N","Sun Jun 21 2020 02:58:38 GMT+0000 (UTC)",5599039760418236000,"lUXmVQfY","Thu Sep 17 2020 00:10:48 GMT+0000 (UTC)","TERMINATED","Fri Aug 28 2020 13:45:19 GMT+0000 (UTC)","Fri Jul 03 2020 07:28:54 GMT+0000 (UTC)","AjouterRoaming",1,1758445838,8008143431,131719175,3641903905,3315990364,"&5K0JALjwbBl(","","C8skLGA9mm","","","","","","","",13,"",7,"","","","","TLTtK!@GYuQwuhw$Q@23KBq&m8JVy1ObA(2CDH4QclGp]y%jI3WWp$","M(yY!x%U1m2Vo*z[Y^g1V4eip02Ets4]AY"
1212252273689955600,"CUSTOM_FIELDS_UPDATE",2165511946659535000,"$r6c%23kjgO7","Mon Mar 08 2021 00:32:56 GMT+0000 (UTC)",4545762038324028400,"EW[a[Bw!","Mon Dec 07 2020 00:38:03 GMT+0000 (UTC)","IN_PROGRESS","Tue Jul 07 2020 11:03:44 GMT+0000 (UTC)","Thu Oct 15 2020 04:48:13 GMT+0000 (UTC)","reactive",8,5259482010,2651797602,2831459676,6134575044,2050777140,"UNUYQ!P&M1oD!","","G6XXbn5x4z","","P#[V^5VXB","","","WmMiOVI4ml","(nnSy","nao03%3",16,"",17,"","","","","7ubV&zipbHFL(f%XE*ze%$mWi7nnp*E$ZjQhMRky)SAp5xpAcm6DMw","b]a)1!n5gUyv$8lsxCuy0J4n#zM#OXMhdX"
8978885812684893000,"MSISDN_UPDATE",2795078956987709000,"hv#tbfKl3BvE","Fri Jul 24 2020 14:21:16 GMT+0000 (UTC)",2028535685967654000,"hNO2zbnn","Tue Jun 09 2020 16:06:04 GMT+0000 (UTC)","IN_PROGRESS","Sat Oct 03 2020 09:50:53 GMT+0000 (UTC)","Fri Dec 25 2020 19:54:35 GMT+0000 (UTC)","transitionName",4,8781916371,9339545166,7920841826,7529988889,4899342830,"nKd7OadXwjsmb","","","","OvEV55%^q","","","","","UPU[(7%",2,"",1,"","","","","Uth@1D0OVOuTm[sMLAF%(Xn#^V7qJQ0R^IZ^o&8c)^wzJYrZQNN)x$","L1JNUED*r&592w(Yl[Ub$VnN)BI3SMBOz)"
5917739041615277000,"STATUS_CHANGE",3173604805488139300,"wGpbew]OW@b*","Sat Sep 05 2020 04:20:44 GMT+0000 (UTC)",4470415366813540400,"D%rdm^A]","Tue Apr 07 2020 07:01:55 GMT+0000 (UTC)","IN_PROGRESS","Sun Jan 17 2021 16:37:39 GMT+0000 (UTC)","Thu Jan 28 2021 20:31:25 GMT+0000 (UTC)","SuspendWithCharged",3,1793918816,584680631,2099130616,1563282585,5024610024,"","aS1hjpKD","YMn9pLtnjN","","","","","","","",10,"",14,"","","pDRq7&NAdF&i","","!F9ozU]9XY9@f26UtAP)&Pt7N6rMg*TYwGvF5f6WwF%Rzm@usnsmnF","s0pY#m%#1%bMIaVvmuN02B])GzS&4VRtV^"
8513129968196153000,"TEMPORARY_UNBAR_ACTIVATION",8359931025188417000,"XP3i(g60uMK8","Tue May 26 2020 06:33:00 GMT+0000 (UTC)",4607097592670470700,"vB!Uk0LA","Sun Oct 04 2020 21:47:47 GMT+0000 (UTC)","TERMINATED","Fri Jul 31 2020 15:13:19 GMT+0000 (UTC)","Sun Nov 15 2020 13:02:33 GMT+0000 (UTC)","Reactivate",5,7640689143,8127693897,9569519020,9305785554,6728098383,"","","","","","","","","8dF!Y","",4,"",4,"","","Td5[3%Arak1)","","&l4Ka[#QYF11B9Zl7#qzNAS![@VexKj%bXMu!W1qWc$zMXhS3tJ@Ek","(]itiT6F3seF#^R89!EJVSdlM4rBnAb(1N"
9376997752115130000,"CHANGE_OFFER",7643082675058395000,"@doZ7VHVe3A(","Fri Sep 11 2020 22:48:15 GMT+0000 (UTC)",6494238630402833000,"@g)W8LTO","Thu Feb 04 2021 08:38:51 GMT+0000 (UTC)","IN_PROGRESS","Mon Jul 27 2020 08:47:42 GMT+0000 (UTC)","Fri Jan 01 2021 20:52:55 GMT+0000 (UTC)","suspendreFacture",3,8079089322,9979332769,5654618784,3084747567,733412469,"","N)#Bnjl#","","","","","","","","",8,"",4,"","","","","&6lLetlfv9C$dwgxk1JKmves5vqEognko$t9#I%E%)IX73%(apLwT*","AR0R6BgTz5eliIYN^lLm#Wp0uB*n$%BK7Z"
5725998831912875000,"GEO_LOCATION",841790542472153900,"smz(iENn#lGQ","Sun Feb 07 2021 21:47:15 GMT+0000 (UTC)",6960608321242034000,"ozGhkX^T","Sun Feb 14 2021 10:55:33 GMT+0000 (UTC)","CANCELLED","Sun Jun 28 2020 05:28:01 GMT+0000 (UTC)","Wed Dec 02 2020 10:52:11 GMT+0000 (UTC)","GDMIN_suspendre",0,9399231912,9437306991,174348198,2789161335,5748619120,"","","&MtsnfUphH","","","","","","","",8,"",19,"","","","","xXqtgn0P5NTIgSlqdhg4Dq^9Fb[3hDU%l#aGAIr2r87DGXBnmF&3d)","6XJ4L3KWXyuo)^p70#@ievAZymunv5fY*B"
3975300278980285000,"RECOVERY_LIMIT_ACT",7258123238570989000,"FihYRVaYNk@3","Tue Apr 07 2020 14:39:59 GMT+0000 (UTC)",461691678501665600,"&UvuH0Q&","Fri Feb 19 2021 09:55:26 GMT+0000 (UTC)","IN_PROGRESS","Sun Jun 07 2020 18:08:28 GMT+0000 (UTC)","Sun Apr 26 2020 21:02:00 GMT+0000 (UTC)","_valider",5,1603781413,4516066713,2326702098,6244049312,7319773049,"","","","","U@y1gmi2G","","%RGrxxn","","","",2,"",8,"Q^s0mq!NNLgy0","","","","h#VsPHeiFuawsBHjp*idNobG2$qceHat$T@Gf3Stj2pNPeI0(BYcPN","67Ad3RHe@Q7AchUiPUJNyf57w63fPsJMZf"
4417377780191600000,"SEND_SMS",4751093082595617000,"$ve1Z9bbmci2","Tue Nov 03 2020 20:32:35 GMT+0000 (UTC)",3320932222995907000,"v8aA(9GF","Sat Jul 25 2020 01:45:07 GMT+0000 (UTC)","TERMINATED","Wed Jan 27 2021 07:50:50 GMT+0000 (UTC)","Thu Mar 18 2021 11:13:02 GMT+0000 (UTC)","stocker",2,2168142113,3052878219,319004654,1737194175,3502085239,"ZY^0!p1Jr%M#U","Gk)#jtN1","","","!U@LDkKW[","","","","","",15,"",17,"","","","","XQU[beUtXM5iw1k&7fP&XffL6]zNGAgJ[*q2rQuFKh0E1]fcf[w!#4","DE(B5MEcZpy%l0&UZEWktbMjf%Q07cv*Yn"
2911390550434589000,"ALARM_UNSETTING",4733506676275283000,"VCrvm00@6Fd!","Sun May 31 2020 11:11:17 GMT+0000 (UTC)",6616434634197503000,"vWL3A9J)","Wed Feb 24 2021 17:58:26 GMT+0000 (UTC)","TERMINATED","Tue Dec 15 2020 07:27:30 GMT+0000 (UTC)","Wed Dec 02 2020 05:49:34 GMT+0000 (UTC)","_reactiver",5,1798894172,5251328651,5155717891,4467625441,4038960484,"R9xjkO&lQ&cvW","0W)7r#hd","hf)Hi3MH1T","","","","","ap^UczVDjC","erSJP","",18,"",10,"","","","","drNyziss3u&[pOf^U^nAmmxCa$*7gSvVNZDz08%8q5ZiOFW[GH$xQm","!DjRey!w71^[nPNwQJ7WXAfL)prNP9ZhHA"
1291942398529499600,"CUSTOM_FIELDS_UPDATE",3386185972485691400,"SeDGhv9&YYCJ","Mon May 11 2020 14:37:38 GMT+0000 (UTC)",4128850139677524500,"Vc9aqfji","Tue Jul 14 2020 20:00:48 GMT+0000 (UTC)","CANCELLED","Thu Jul 23 2020 12:56:29 GMT+0000 (UTC)","Tue Apr 21 2020 05:17:04 GMT+0000 (UTC)","Resilier",2,4248344409,9489576884,9727574728,4766959631,7866189165,"","!7x2s(5B","","","","","","","","",12,"",5,"","","","","Pee@gGSCcQEY&1PWhZvnqsGssLivCRYdHG#kmOk3T#)[&fzL]RFghT","!WfPrTUgVIV8Z5mc3XxcrsxjFUH9VNg)CV"
1902041870635003000,"ICCID_CHANGE",2733207165729254400,")zR]JJaGc^it","Thu Feb 25 2021 19:34:12 GMT+0000 (UTC)",3647002803627401700,"!w$POc8j","Fri Oct 02 2020 07:16:32 GMT+0000 (UTC)","TERMINATED","Sun May 17 2020 17:27:58 GMT+0000 (UTC)","Thu May 14 2020 10:46:53 GMT+0000 (UTC)","_suspendreNonFactureBO",6,5847556276,9523265408,6121846835,6116057203,3040394294,"","","","","","e&JY[TohuLrscQ","Yn$icnV","","","",13,"",12,"JKWk*3j*Yg7Vf","","","","@63%Dq6O]gwT@Z3K#TXNM3UMd6BdXg!DjTN(bed2d8A9cV2v%!KS5l","Fm0^F&D*bdAxnAYPgpEb%Ew6FrNjoNTobt"
5442903863731771000,"PORT_IN",7785102929919958000,"$eLt)sn%ioU0","Fri Dec 18 2020 02:04:50 GMT+0000 (UTC)",140291713178157810,"$SiaWfL*","Fri Jun 19 2020 05:19:33 GMT+0000 (UTC)","IN_PROGRESS","Fri Feb 26 2021 10:18:56 GMT+0000 (UTC)","Wed Jun 03 2020 13:58:39 GMT+0000 (UTC)","AjouterRoaming",3,5120204437,8591695975,3812761686,6049958853,6768137584,"","","sWGNOQIsbA","4oeR6","","","","wtvJFTY8mU","","",3,"",3,"","","","","Fr9o&*0CBlTm3hz$0Y(e7GYd1!#LNTXT@xT5efNPgIn3kMk9g^m4n1","Kr4u22M4gpTewyPq^XLRVMIrgFP&akUZR&"
9277920501772315000,"STATUS_CHANGE_PROFIL",9680309810210020000,"NC00OaZ5dalu","Thu Jul 30 2020 01:46:23 GMT+0000 (UTC)",9799877747427672000,"a[x!6ByF","Sun Jan 17 2021 22:04:03 GMT+0000 (UTC)","TERMINATED","Thu Jul 09 2020 15:16:46 GMT+0000 (UTC)","Sun Nov 15 2020 17:07:26 GMT+0000 (UTC)","suspendreFacturé",0,8156024327,25791423,1900500946,1207951495,5213284501,"","*)fW2#ao","","^#*tb","","","","","","",17,"",3,"","","","","L0z0H#h(@3KG(RdB5CCIp2XgE)64cr$nRpRcdUc$CuD7#86&tgAtMe","KzoBckzku!yhs^WjqEqSnvGkU6y)wzy5IP"
3609122617635876000,"ICCID_CHANGE",8321806015446782000,"f2j$@@O4thWo","Tue Jan 19 2021 11:10:52 GMT+0000 (UTC)",9363418754655867000,"V@uh*aqK","Tue Mar 09 2021 13:53:11 GMT+0000 (UTC)","CANCELLED","Thu Sep 17 2020 15:32:09 GMT+0000 (UTC)","Wed Dec 16 2020 09:34:06 GMT+0000 (UTC)","_reactiver",4,3996290948,8120127059,2276501657,2662047578,1033664271,"oe7yENnotq2]H","","qFw1&dU^t1","","","tKl6AbRf2a2ZPu","","","XS)*H","",16,"",4,"","","","","M@GyJ*lbtrS^dhv#^mxuYmDzM[y8FI6O]Ge9(123mTrAA4j!)(5b4m","%W&Nj$eSH0x2odzu$Gr7W*]yyFPAGuGJsj"
6206501466222108000,"COACH_M2M",8304754151031375000,"RqkyLKjnxn5b","Mon Nov 02 2020 07:49:13 GMT+0000 (UTC)",824883459135890000,"#XDIDVs4","Fri Jul 24 2020 14:30:35 GMT+0000 (UTC)","TERMINATED","Fri Jan 08 2021 19:38:24 GMT+0000 (UTC)","Mon Jun 22 2020 01:36:02 GMT+0000 (UTC)","dsfasdfdasf",0,9751721415,9966302087,4047572354,6602724406,3298035119,"","lOIvEMF#","","","","","","",")*aMY","",1,"",7,"","","","","8UKiz$Yj5^sYQxK$!uLz2iyA#7[&n4GJpPvEk4fkI8G7$ht6rouuND","aZlSHtsDUMxrYa^&6mAM8YYe67PKZt67wY"
4670893489383161000,"CHANGE_OFFER",5594709790311754000,")r]as&g%m%5V","Fri Jul 10 2020 02:15:08 GMT+0000 (UTC)",6411111541092396000,"2(gB$hG*","Fri May 08 2020 08:01:45 GMT+0000 (UTC)","CANCELLED","Tue Sep 01 2020 18:44:39 GMT+0000 (UTC)","Tue Mar 23 2021 16:14:23 GMT+0000 (UTC)","_activerFacturationBO",6,4835018680,5593911048,7861907989,4431013881,6842505815,"(n5^SP]jZmo9Z","","","","","TQ%azGi7kg(bMj","","","","",3,"",0,"","","","","V&uWoExzOiQa4ohQsoQ*pn*&rDdD6Mx0BvvttkO2LOjhPjZodbRhA1","Ph*^ageLP6$sImKddm1aS(@nwsWEDbPnOC"
9428330569062382000,"GEO_LOCATION",2399800145067275000,"%QCQb[&%IXBD","Sat Nov 28 2020 04:17:21 GMT+0000 (UTC)",5600924012251198000,"sGVuC^9J","Tue May 12 2020 01:54:08 GMT+0000 (UTC)","CANCELLED","Sun Jun 14 2020 12:16:27 GMT+0000 (UTC)","Sun Nov 08 2020 14:14:03 GMT+0000 (UTC)","reactive",2,3316004504,791443879,9539669160,3547505068,7095211676,"","","TGD6bxVory","","","","","","A!e80","",6,"",5,"","","","","T]t$c80k@2]Th(1(NBoQU7S[fUo8niH7YhJPshWBiaUT[xy$w21JU#","jPDWcTi)mfUi7wQ%6]^GY0KT[bFxxLS2CH"
2044591607991606000,"MSISDN_UPDATE",4193816042970866000,"v%tW#*8h3DdQ","Wed Mar 10 2021 07:43:45 GMT+0000 (UTC)",8856140971183777000,"JUwQRfWW","Tue Apr 14 2020 03:24:00 GMT+0000 (UTC)","CANCELLED","Tue Mar 02 2021 19:44:03 GMT+0000 (UTC)","Sun Oct 04 2020 03:04:11 GMT+0000 (UTC)","dsfasdfdasf",7,4679538873,9662000348,5906398878,282542803,1994318957,"","WN!1vsxy","","","","AOHCemuK6Yi3v1","tAgt0iN","","C)hW]","",18,"$TvmAf66YO#Ri3@I",17,"","","","","QkG9q(amiOvqmC!^s@AEW*2QMR!6(6LNh3k8vQxWME1&zFf*RcF$GA","G!^uxjM&tK2GRzmizS!cQ$%uKaQsyUK@jo"
2512836467940360000,"STATUS_CHANGE_PROFIL",5954006968531758000,"aj^%z^Xj[Lbm","Tue May 12 2020 16:15:10 GMT+0000 (UTC)",2394514274783432700,"99zRLRRu","Sat Nov 21 2020 01:00:58 GMT+0000 (UTC)","TERMINATED","Wed Nov 11 2020 02:27:17 GMT+0000 (UTC)","Thu Jan 14 2021 12:50:38 GMT+0000 (UTC)","suspension with charged",1,2190194253,8383631380,2176031512,7990799311,337771002,"","pHhp7wck","Y(VrZ3e1^!","Evdhe","","","","","","",1,"",8,"","","","w9zi","I@O%gaTlNHhDHaQ)@1O@6nzwpBfk*GzkkXD817S(65zO@8fz0J%NoW","ZvWMP7Hg]7j2I4K&G1Nz(NeRQevoGUm[LU"
180512703955173500,"RECOVERY_SUSPEND",8649395676329732000,"7l$L1QKI$[hQ","Wed Jun 03 2020 09:28:53 GMT+0000 (UTC)",6820624016690999000,"cdWi^K#E","Fri Feb 12 2021 04:59:13 GMT+0000 (UTC)","CANCELLED","Sun Jun 14 2020 18:55:53 GMT+0000 (UTC)","Sat Dec 26 2020 13:48:21 GMT+0000 (UTC)","Reactivate",0,5106032292,556829562,7372346073,9820228698,5271266188,"","","15!4a@QA6I","","th7IRZ&h3","","*0302kF","","","",19,"",12,"","","","","1z]*rzzMaD#N2o!r%S]o62(dkW[N0o3L&Md]A7^eo&s4wmfVOd[SF$","q9kJSiU@FaNLbWZrUbvL8^HXI4xBMSEX)i"
7843509647063911000,"SERVICE_CHANGE",9192456998862326000,"[mEJiAJXaiPi","Sat Jan 16 2021 19:45:43 GMT+0000 (UTC)",2240288900211453400,"QMTq@b(6","Wed Feb 24 2021 04:51:15 GMT+0000 (UTC)","CANCELLED","Tue Apr 21 2020 21:14:17 GMT+0000 (UTC)","Mon May 18 2020 13:33:24 GMT+0000 (UTC)","transitionName",5,5923105890,7185583615,796406157,7965424603,2899669057,"","KcxTRaCx",")nx$Y1wE03","","","8hxYvA0gJ[kHmm","","","","",2,"",0,"WTmeNZ]uPujk]","","","","6O9mR@7xqcoRBLT95sr6DISZi93V06KO3JlwYqNBNhA$htu$EkTmpo","UFlJWRRd!u&jsgc$ZAFJaY7wmNeo[EV1gP"
3807353426236659000,"SIMCARD_EXT_REF_UPDATE",7458550075534731000,"hg9m!o89fLhj","Fri Sep 11 2020 11:03:45 GMT+0000 (UTC)",2769691068679094300,"C@u1w!r@","Sun Sep 20 2020 06:14:03 GMT+0000 (UTC)","TERMINATED","Fri Jan 01 2021 16:53:21 GMT+0000 (UTC)","Thu Oct 29 2020 11:14:59 GMT+0000 (UTC)","suspension with charged",3,1687806469,3405845626,92681772,8994777973,876970109,"FTplbHRk#oh%S","","","N^$]]","","","ecmlAUA","","we%1E","7Z4uMt[",18,"",5,"","","","","6fAtaP6@Ilz&4F2a*aCd!HvLaeTtVfVV@GN7gQX6JBP$GE@HqG3tUX","(VTDIUy)9k3)&y9d%wE!RfBpx7^Lx5CLrD"
3289143438450992000,"GEO_LOCATION",6029159286990762000,"k4fa3feZUR^T","Fri Aug 07 2020 10:07:26 GMT+0000 (UTC)",2089554404374212000,"3y%gRxoA","Tue Apr 28 2020 19:33:17 GMT+0000 (UTC)","TERMINATED","Mon Sep 21 2020 03:54:50 GMT+0000 (UTC)","Sat Sep 12 2020 05:54:09 GMT+0000 (UTC)","Suspendre",5,9150003669,1390709355,9560923941,2479465138,3509508559,"","3NVzciJA","Rt6SoV&AlH","","","r&ZDY*9YG!7up7","","","","",8,"",18,"","","","","2[zoTR0L]#ugYcjE$Dyuw9y0AMqo!QZ4nobRT]ncPVzXusDt8)l9hW","q@WX[VVgKDXz1RJ%yaCK03#$7lupxv%z9t"
9886227031238377000,"ICCID_CHANGE",1896972209215164200,"oH%&R0FM]txR","Sat Feb 13 2021 08:28:31 GMT+0000 (UTC)",1607544757425785000,"qTkL]E&x","Tue Dec 15 2020 13:08:18 GMT+0000 (UTC)","TERMINATED","Sat Dec 05 2020 09:28:30 GMT+0000 (UTC)","Wed Mar 31 2021 04:19:18 GMT+0000 (UTC)","Suspension",3,9525809101,192266425,3744286252,2541487042,4346430164,"","98^1HWbM","SHL#[a!pd7","","!j(hDkJcG","Snh&GFevzSJ!5d","","","","",13,"",0,"","KXIGd0efZ^s5x6QC43%41AB5Mnj4IwFCpb8GLrdS^91TnukqwTNlg9BS1%b&kLFTXttoSaoZ]ypqn#uIX!*WY(gRmz%hp13ZaKY^","","","8q[9QR0qOV[fxgRkHIaixW71c&sc7&iJs&1UQM#h&2U2MbnA5rJQf6","NvwqEQeBzOH[Qb^Oi@D[DVd[[Abu&YyeE0"
6792035263497383000,"PORT_IN",1473832693882286600,"$3#vaCJ5##Os","Mon Aug 24 2020 13:08:44 GMT+0000 (UTC)",4290343208704144000,"aO#0]]2U","Tue Mar 16 2021 14:31:30 GMT+0000 (UTC)","CANCELLED","Sat Aug 08 2020 08:59:39 GMT+0000 (UTC)","Thu Mar 04 2021 04:56:55 GMT+0000 (UTC)","suspendreFacture",2,4643368390,7464955807,9970174578,4080159601,725482029,"VgZuH^8cx8o4$","","I1pXZvjxTK","uSp]9","","","TIXY2s(","[iFZ3luknd","","",15,"",16,"","","","","h*Q6sRoQXfL*n!HTjiKY^D1Pi83iZy@1a2rLxHdCJf[sbSM&dL8EYj","XYyZ4X9z0qr9FjBtqbvMDa9Nza!FYj6kRR"
7797911451198161000,"ESIM_NOTIF",8940791576169431000,"wpA4@6WhJUB&","Thu Jul 09 2020 02:43:22 GMT+0000 (UTC)",1402887071017175800,"fUKKnURn","Tue Dec 01 2020 17:54:30 GMT+0000 (UTC)","IN_PROGRESS","Wed Nov 04 2020 16:22:04 GMT+0000 (UTC)","Sat Feb 13 2021 03:43:42 GMT+0000 (UTC)","_suspendreFactureBO",5,8452572904,663730851,3343680074,4859529109,3024574043,"ItoDqDoKBH4BD","m4KZTu^G","31AmA@D1LA","","","","","","","",9,"",18,"","","","","IQM8]@D*tbSNPSpCoqWO5DaAIC$8237)oGb*v&aBbFIhP$LS%fR6&9","Lfiqm3aiIt3k1*11w#GC!]Fa@4BDyAW**B"
7937417412176728000,"PREACTIVATION",6321998555213213000,"Tm0(&R^Dt87M","Sat Oct 03 2020 14:01:06 GMT+0000 (UTC)",1476825024001300200,"aW#DfpIU","Tue Jul 07 2020 15:47:14 GMT+0000 (UTC)","TERMINATED","Mon Sep 28 2020 11:15:25 GMT+0000 (UTC)","Thu Jan 28 2021 22:11:05 GMT+0000 (UTC)","_refuser",0,3242166782,9250250160,7946375352,586352704,8405680004,"","","WCfL5QwkCx","","","","","","J^kxk","",11,"",4,"","","","","*muG1RK15r2%Eaf5^BrK*3!vE!9ep#r77Bt9g5[e8jhsD%1kgCto63","%W6k6SYDfVRiiorWc&piAqmg33ru7yz%ZB"
9235036787576973000,"RESERVATION_PROFIL",1138992207124829300,"4Vm^C)^S&20S","Mon Nov 16 2020 03:42:24 GMT+0000 (UTC)",1862749131396413000,"f5UPO07d","Mon Jan 18 2021 14:48:10 GMT+0000 (UTC)","IN_PROGRESS","Fri Jan 01 2021 14:10:43 GMT+0000 (UTC)","Sat May 23 2020 19:25:21 GMT+0000 (UTC)","suspendrefacture",5,1806263795,9317878824,548470038,591720782,8148740690,"","zmhrVsE0","","","","","","Wy*$licv7m","","",10,"",16,"","","","","ib@(^i#D#pK4YBP&It)!be)@V5)IS[vE5CeUvmjZhNJ)s%Cvq]5f[h","Im@4*dDD64F(Z4*KU&3ELT$uD[!CemPRT%"
6519937028642744000,"RESERVATION_PROFIL",7971279877237976000,"&bfUL^DZgZPn","Sun Jul 19 2020 11:31:48 GMT+0000 (UTC)",7037660127971322000,"Ei4F0S%D","Wed Jul 22 2020 02:03:42 GMT+0000 (UTC)","CANCELLED","Fri Jul 10 2020 03:21:56 GMT+0000 (UTC)","Fri Aug 07 2020 11:29:24 GMT+0000 (UTC)","resilierBO",8,5075926037,4374121474,257788067,6291836793,6326162361,"","88Exl$7Q","","","","","","","","",15,"",1,"","","","","0!B3U#eiQt5tfD(9ybImIHPfpFV874k4Ic)rWBCq1]4EtWd5TilJ8l","Wd@ZLyNAVA0rYD&ZTzrFsB)p2H2[TG7d0%"
9226561435498297000,"ICCID_CHANGE",7925449977628887000,"@M2aMkrYIQ3)","Fri Oct 02 2020 11:17:27 GMT+0000 (UTC)",4421321710105985500,"$zFPhBLF","Wed Jul 08 2020 20:42:24 GMT+0000 (UTC)","TERMINATED","Wed Oct 21 2020 19:37:13 GMT+0000 (UTC)","Thu Jun 04 2020 14:50:27 GMT+0000 (UTC)","SuspendWithCharged",4,3953839496,6988079834,5860936441,3763213311,5861221498,"4FD@[)k)F%S5z","5]!ZYx]m","eqLP8&UZUt","","km6KJ1$vf","","","","","",11,"",8,"","E$0!0zq2C#LzEi(b#D1fAv8#!REY0hS#&f^5JRr8Ccyh&0@gg21SF7X7]JWDM6^Fu6]TeRfgsl^L8v[4w0e17RRt2jQfqLc^EFeJ","","",")wMM2zX(G7S11!viwg%FE(K@yv!PedXDNeEFPzP4EmhJ51Q!ClA%nH","sdmR%L7Bv0lkcLr*4C^nPD8FsMMi3TgwaW"
5752309798263013000,"SIMCARD_SALE_PREACTIVATION",3908336493186652700,"N7IjJzh*3Etf","Sat Jun 20 2020 00:31:09 GMT+0000 (UTC)",8060639589093626000,"XrEtcH)(","Tue Dec 29 2020 09:06:48 GMT+0000 (UTC)","TERMINATED","Sat Jul 11 2020 17:44:22 GMT+0000 (UTC)","Thu May 28 2020 07:48:05 GMT+0000 (UTC)","facturationActive",6,8690552953,8030654245,952811185,1545170072,6325380071,"Ic[5bWssADqA#","","","","","","","","","",9,"",1,"","","","","AnNbPd*6fuP$Dk2AKo]bWE@T#IvTJ3s3!fV*FkUwS)0sCFZUolevZO","BN[J)MVJWS9[pKfocd%l]Q3uJHWTb4*YPo"
923547027632594000,"PORT_OUT",4529680910054594000,"IpJwnBSYGPTR","Sat Nov 28 2020 04:41:31 GMT+0000 (UTC)",3640119826886803000,"UpgH2t2a","Tue Mar 30 2021 08:46:38 GMT+0000 (UTC)","IN_PROGRESS","Wed Oct 21 2020 09:03:06 GMT+0000 (UTC)","Tue May 19 2020 02:05:34 GMT+0000 (UTC)","_reactiver",1,8573573154,5285080168,8238565744,6577725273,410731635,"yLAVPxtrtl!cV","rcSSUMPt","XQy2f%GwYc","","","","","CF]nsT@LzJ","","",13,"",10,"","","","","YUfpGqEZQr5TKW6S4kt&hA1W#uAsMaz)BQ^pwhrDb%HArja]v&KCBz","elo]@mAw[ce]LizBIc%qAYpM(*Mc9)b[p*"
5518791167996824000,"GEO_LOCATION",1273168656043708400,"j(Q(5UDtL(jQ","Fri Jan 01 2021 17:55:56 GMT+0000 (UTC)",6212729369290173000,"#cgiklk4","Sun Mar 07 2021 11:29:07 GMT+0000 (UTC)","IN_PROGRESS","Mon Sep 21 2020 02:33:46 GMT+0000 (UTC)","Thu Jun 25 2020 20:52:57 GMT+0000 (UTC)","suspend",6,5254208198,1065576407,5154939389,578043279,3142189425,"oPZ@3F7Vb^DQh","","","","","","","","","",16,"",0,"","","","","IP$aEU$4@JBDyeI$bO&pJpKb%&K2v@lMkbWM#9GWcyF((0gSAV0][j","GheeDTu27OIGn*qkMeha]tvVf%!8*0enUq"
5998861300759017000,"ALARM_SETTING",211549894884228700,"AO2EI4*IaIQC","Sun Jan 10 2021 06:02:07 GMT+0000 (UTC)",9359607116784900000,"7!v9]UKA","Sat Jul 11 2020 14:58:19 GMT+0000 (UTC)","TERMINATED","Wed Jul 22 2020 16:07:09 GMT+0000 (UTC)","Sat Jun 20 2020 08:03:36 GMT+0000 (UTC)","FACTURATIONACTIVE",5,8218683323,9633973992,5873260395,442102253,9474242504,"URjcjF0%QAFc1","","FyE9XbVkJ5","","","","","","vPF*z","",10,"",3,"Lq$OaMbawKol&","","","","HzhiggyN*$vzkFi@gx[VY(5ZO1au2HrvaeGyA!wv2M!Eoq06S1@Cse","H35A#M69HfIpAxqtF5t6Y[v8T9Oxl8IT%t"
9477598459925502000,"GEO_LOCATION",8725771375466139000,"sN5fErmb%gQY","Mon Aug 10 2020 10:07:57 GMT+0000 (UTC)",8805185854434968000,"Uerz!03Q","Sat Oct 10 2020 18:14:38 GMT+0000 (UTC)","IN_PROGRESS","Fri Mar 05 2021 00:16:51 GMT+0000 (UTC)","Sat Aug 29 2020 15:35:15 GMT+0000 (UTC)","suspendreFacture",6,6106744154,7128407759,2842594336,4487279797,3382725846,"","$3RSJV1Z","6#SF9x#E3H","","","72Jk4kQjkDZHJK","","","","",0,"",8,"","","","","jMUrl!&FyBJ^ABAV8zp4V9Ku4Vm#jjU2RQL6(9zTLKArohMP2]kY4V","1#]s3IOgDoa(xI%70QJKL%dut]XgZ!ecMM"
2507148762233555500,"PORT_IN",3223422281444073000,"weSOCBuWskq)","Thu Nov 12 2020 20:35:01 GMT+0000 (UTC)",1043308537919074300,"Lmbk]oFl","Fri Sep 25 2020 18:03:48 GMT+0000 (UTC)","IN_PROGRESS","Thu Sep 17 2020 08:13:26 GMT+0000 (UTC)","Tue Jun 23 2020 20:03:14 GMT+0000 (UTC)","Suspendre",7,2291710877,2959413828,7360881748,8998423316,6742081313,"WxmnXJcDk(8w3","e)b!]gA[","","","","","","","","",4,"",11,"","","","","Fi0dJ@h9wiiSCFtPwcPWQp4MQWt#Xf8V9SNY9peNP9R#jT^E3j*#UH","s]B0c[i30Y$]dJ5%)$rqzB%f628SJjUn&i"
8218597120139748000,"STATUS_CHANGE",8774558713193983000,"X7uuX7BJCE4r","Thu Feb 25 2021 08:26:03 GMT+0000 (UTC)",3476513829082251000,"o&Axp5(l","Thu Jun 11 2020 23:26:09 GMT+0000 (UTC)","IN_PROGRESS","Tue Apr 21 2020 14:47:58 GMT+0000 (UTC)","Tue Jan 05 2021 02:08:22 GMT+0000 (UTC)","suspension",2,4180565110,7073235162,955800896,826306899,7177925698,"","xXHZHUkj","","u0I3r","gUMjnLhn[","","","","","",4,"",12,"","","","","Ka!K@&L*@8Lcfbhgc$A$kNkTLJ9XLZJzCZD3UsveCLXLgzk0m#d%EM","K@%qF[BEpCTmFa68Ca!WwYeQ(pS(#EOPRX"
6712928120978177000,"CUSTOM_FIELDS_UPDATE",5593907225411385000,"Det%c8LhyT8]","Fri Feb 26 2021 00:13:12 GMT+0000 (UTC)",3150206648278981600,"6(v!VGal","Sat Apr 11 2020 11:14:42 GMT+0000 (UTC)","IN_PROGRESS","Sun Feb 14 2021 06:04:11 GMT+0000 (UTC)","Thu Aug 13 2020 22:44:25 GMT+0000 (UTC)","_valider",7,7769824615,2182037746,2551190603,9782022486,9759172732,"6LjmXHkIZ2Y*1","E]s34ME6","","","","","","","","",12,"",5,"","","","","VjENK7YCDl%Ol(jRUXPQxSDb12e]GI*CkO1*HnS%iCtC@QRCeGLXhi","e2y6pOy9VI5B1SazB*9p[UE&d%WQf1&Bms"
1821469438727945200,"SERVICE_ADDING",4810754128266126000,"UmmwdD%tUq@^","Sat May 09 2020 04:02:41 GMT+0000 (UTC)",5247509647160769000,"XWr6Yxdn","Thu Jul 09 2020 04:03:45 GMT+0000 (UTC)","IN_PROGRESS","Fri Jan 08 2021 20:38:15 GMT+0000 (UTC)","Fri Jun 19 2020 18:13:14 GMT+0000 (UTC)","Reactivate",1,4416953991,8284181454,8573036643,4538810520,4129318976,"qMF*7P)jiyDqn","","","","","","","","","",3,"",0,"","","","","dNGH]kRj@J[qii&m1cg68acyVs5Z2vQ)Lpwa$*&R5XkLLWweH0CUoF","ZD3pgz9CKU#o&Vfp0mXyNhtFksB4w(eK[j"